<?xml version="1.0" encoding="UTF-8"?>
<beans xmlns:mvc="http://www.springframework.org/schema/mvc"
	xmlns:p="http://www.springframework.org/schema/p" xmlns:xsi="http://www.w3.org/2001/XMLSchema-instance"
	xmlns="http://www.springframework.org/schema/beans" xmlns:context="http://www.springframework.org/schema/context"
	xmlns:task="http://www.springframework.org/schema/task" xmlns:tx="http://www.springframework.org/schema/tx"
	xsi:schemaLocation="http://www.springframework.org/schema/mvc 
						http://www.springframework.org/schema/mvc/spring-mvc.xsd
						http://www.springframework.org/schema/beans 
						http://www.springframework.org/schema/beans/spring-beans.xsd
						http://www.springframework.org/schema/context 
						http://www.springframework.org/schema/context/spring-context.xsd
						http://www.springframework.org/schema/tx 
						http://www.springframework.org/schema/tx/spring-tx-4.1.xsd
  						http://www.springframework.org/schema/task
						http://www.springframework.org/schema/task/spring-task-3.1.xsd">

	<!-- 인터셉터 -->
	<!-- <mvc:interceptors>
		<mvc:interceptor>
			mapping 된 클래스를 모두 가로챈다
			<mvc:mapping path="/person/*" />
			해당 path는 인터셉트 하지않는다
			<mvc:exclude-mapping path="/intro" />
			<mvc:exclude-mapping path="/main" />
			<mvc:exclude-mapping path="/error" />
			로그인체크 인터셉터 클래스
			<bean class="com.log4h.singletontrip.util.SessionInterceptor" />
		</mvc:interceptor>
	</mvc:interceptors> -->

	<mvc:annotation-driven />

	<mvc:resources location="/resources/" mapping="/resources/**" />

	<bean class="org.springframework.web.servlet.view.BeanNameViewResolver"
		p:order="0" />

	<bean
		class="org.springframework.web.servlet.view.InternalResourceViewResolver"
		p:order="1">
		<property name="prefix" value="/WEB-INF/views/" />
		<property name="suffix" value=".jsp" />
	</bean>

	<!-- MultipartResolver -->
	<bean id="multipartResolver"
		class="org.springframework.web.multipart.commons.CommonsMultipartResolver" />

	<context:component-scan base-package="kr.sh86.myApp" />
	<task:scheduler id="jobScheduler" pool-size="10" /> 
	<task:annotation-driven scheduler="jobScheduler" />

	<!-- download만을 처리하는 viewResolver -->
	<bean id="downloadViewResolver"
		class="org.springframework.web.servlet.view.BeanNameViewResolver">
		<property name="order">
			<value>0</value>
		</property>
	</bean>

	<!-- downloadViewResolver보다 우선순위가 낮아야한다 -->
	<bean
		class="org.springframework.web.servlet.view.InternalResourceViewResolver">
		<property name="prefix" value="/WEB-INF/views/" />
		<property name="suffix" value=".jsp" />
		<property name="order" value="1" />
	</bean>

	<bean class="org.springframework.web.servlet.mvc.annotation.AnnotationMethodHandlerAdapter">
		<property name="messageConverters">
			<list>
				<bean class="org.springframework.http.converter.json.MappingJackson2HttpMessageConverter"/>
			</list>
		</property>
	</bean>


</beans>
