<?xml version="1.0" encoding="UTF-8"?>
<beans xmlns="http://www.springframework.org/schema/beans"
	xmlns:xsi="http://www.w3.org/2001/XMLSchema-instance" xmlns:mybatis="http://mybatis.org/schema/mybatis-spring"
	xmlns:mvc="http://www.springframework.org/schema/mvc"
	xsi:schemaLocation="http://www.springframework.org/schema/mvc 
						http://www.springframework.org/schema/mvc/spring-mvc-4.1.xsd
						http://www.springframework.org/schema/beans 
						http://www.springframework.org/schema/beans/spring-beans.xsd">

	<!-- DB 연결 -->
	<bean id="dataSource" class="org.apache.commons.dbcp.BasicDataSource">
		<property name="driverClassName" value="oracle.jdbc.driver.OracleDriver" />
		<property name="url" value="jdbc:oracle:thin:@175.202.108.60:1521:kis" />
		<!-- <property name="url" value="jdbc:oracle:thin:@(DESCRIPTION=(ADDRESS_LIST=(ADDRESS=(PROTOCOL=TCP)(HOST=192.168.0.100(PORT=1521)))(CONNECT_DATA=(SERVICE_NAME=kis)(SERVER=DEDICATED)))" /> -->
		<property name="username" value="admin" />
		<property name="password" value="sRc0488#" />
	</bean>

	<!-- sqlSessionFactory -->
	<bean id="sqlSessionFactory" class="org.mybatis.spring.SqlSessionFactoryBean">
		<property name="dataSource" ref="dataSource" />
		<property name="configLocation" value="classpath:kr/sh86/myApp/util/MyBatisConfig.xml" />
		<!-- db의 컬럼과 dto의 프로퍼티명을 자동으로 매핑 -->
		<property name="mapperLocations">
			<list>
				<value>classpath:kr//sh86/myApp/survey/dao/SurveyMapper.xml</value>
				<value>classpath:kr//sh86/myApp/bc/dao/BcMapper.xml</value>
			</list>
		</property>
	</bean>
	<bean id="sqlSessionTemplate" class="org.mybatis.spring.SqlSessionTemplate">
		<constructor-arg index="0" ref="sqlSessionFactory" />
	</bean>

</beans>

