<?xml version="1.0" encoding="UTF-8" ?>
<!DOCTYPE configuration
  PUBLIC "-//mybatis.org//DTD Config 3.0//EN"
  "http://mybatis.org/dtd/mybatis-3-config.dtd">
<configuration>
	<settings>
		<!-- mybatis cache 사용여부 -->
		<setting name="cacheEnabled" value="true" />
		<!-- 지연로딩 사용여부 -->
		<setting name="lazyLoadingEnabled" value="true" />
		<!-- 한 개의 구문에서 여러 개의 ResultSet을 허용할지 여부 -->
		<setting name="multipleResultSetsEnabled" value="true" />
		<!-- 컬럼명 대신 컬럼 라벨을 사용 -->
		<setting name="useColumnLabel" value="true" />
		<!-- 생성키에 대한 JDBC 지원 허용 여부 -->
		<setting name="useGeneratedKeys" value="false" />
		<!-- mybatis가 컬럼을 필드/프로퍼티에 자동으로 매핑할지와 방법에 대한 명시(PARTIAL은 중첩되지 않은 것들을 매핑 -->
		<setting name="autoMappingBehavior" value="PARTIAL" />
		<!-- 디폴트 Executor 설정(SIMPLE은 특별히 동작하는 것은 업음) -->
		<setting name="defaultExecutorType" value="SIMPLE" />
		<!-- DB 응답 타임아웃 설정 -->
		<setting name="defaultStatementTimeout" value="20" />
		<!-- 중첩구문내 RowBound 사용 허용여부 -->
		<setting name="safeRowBoundsEnabled" value="false" />
		<!-- 전통적 DB 컴럼명을 JAVA의 Camel표기법으로 자동 매핑 설정 -->
		<setting name="mapUnderscoreToCamelCase" value="true" />
		<!-- 로컬캐시 사용여부(SESSION: 세션을 사용해서 모든쿼리를 캐시) -->
		<setting name="localCacheScope" value="SESSION" />
		<!-- mybatis로 넘어오는 parameter가 null인 경우, jdbcType을 Setting -->
		<setting name="jdbcTypeForNull" value="NULL" />
		<!-- 지연로딩을 야기하는 객체의 메소드를 명시 -->
		<setting name="lazyLoadTriggerMethods" value="equals,clone,hashCode,toString" />
		<!-- 가져온 값이 null일때 setter나 맵의 put 메소드를 호출할지를 명시 (false일경우, null인 field는 
			제거되어 나타남 : default는 false -->
		<setting name="callSettersOnNulls" value="true" />
	</settings>
</configuration>